[
  {
    "image": "images/domain-tips1.png",
    "title": "Keep it simple",
    "description": "Simplicity makes your domain easy to remember and easy to visit again."
  },
  {
    "image": "images/domain-tips2.png",
    "title": "Keep it short",
    "description": "Make sure the domain name is short and not difficult to read."
  },
  {
    "image": "images/domain-tips3.png",
    "title": "Stay brandable",
    "description": "Be unique, but stay clear of alternative spelling of werdz (like that, for example)."
  },
  {
    "image": "images/domain-tips4.png",
    "title": "Check copyright",
    "description": " Make sure the domain name has not been patented and registered by another party."
  },
  {
    "image": "images/domain-tips5.png",
    "title": "Be quick about it",
    "description": "What's available today could be gone tomorrow, so grab your fav while you can!"
  }
]
