[
  {
    "title": "Privacy protection",
    "description": "For a small fee, you can protect your personal information from being publicly available on the WHOIS database."
  },
  {
    "title": "Easy management",
    "description": "Our control panel is designed for ease of use. Manage your online awesomeness from one single dashboard."
  },
  {
    "title": "Fast Domain Activation",
    "description": "Easy search for domain names and setup process. Complete the registration data so that the domain can be activated and directed to the website."
  },
  {
    "title": "24/7 Technical Assistance",
    "description": " Need help registering a domain name or experiencing technical problems during registration? Contact us anytime for information and guidance."
  }
]
