[
  {
    "title": "What is a domain name?",
    "description": "Lorem ipsum dolor, sit amet consectetur adipisicing elit. Autem facilis aliquam unde aut nostrum, recusandae voluptatum mollitia est voluptate alias incidunt magnam quod officiis, quam ex adipisci enim quisquam soluta."
  },
  {
    "title": "Why do I need a domain name?",
    "description": "Lorem ipsum dolor, sit amet consectetur adipisicing elit. Autem facilis aliquam unde aut nostrum, recusandae voluptatum mollitia est voluptate alias incidunt magnam quod officiis, quam ex adipisci enim quisquam soluta."
  },
  {
    "title": "How do you create a good domain?",
    "description": "Lorem ipsum dolor, sit amet consectetur adipisicing elit. Autem facilis aliquam unde aut nostrum, recusandae voluptatum mollitia est voluptate alias incidunt magnam quod officiis, quam ex adipisci enim quisquam soluta."
  },
  {
    "title": "How do I buy a website domain name?",
    "description": "Lorem ipsum dolor, sit amet consectetur adipisicing elit. Autem facilis aliquam unde aut nostrum, recusandae voluptatum mollitia est voluptate alias incidunt magnam quod officiis, quam ex adipisci enim quisquam soluta."
  },
  {
    "title": "How long does the domain registration process take?",
    "description": "Lorem ipsum dolor, sit amet consectetur adipisicing elit. Autem facilis aliquam unde aut nostrum, recusandae voluptatum mollitia est voluptate alias incidunt magnam quod officiis, quam ex adipisci enim quisquam soluta."
  },
  {
    "title": "What if the domain I want is already in use?",
    "description": "Lorem ipsum dolor, sit amet consectetur adipisicing elit. Autem facilis aliquam unde aut nostrum, recusandae voluptatum mollitia est voluptate alias incidunt magnam quod officiis, quam ex adipisci enim quisquam soluta."
  },
  {
    "title": "Can a registered domain be changed?",
    "description": "Lorem ipsum dolor, sit amet consectetur adipisicing elit. Autem facilis aliquam unde aut nostrum, recusandae voluptatum mollitia est voluptate alias incidunt magnam quod officiis, quam ex adipisci enim quisquam soluta."
  },
  {
    "title": "What is the difference between domains and hosting?",
    "description": "Lorem ipsum dolor, sit amet consectetur adipisicing elit. Autem facilis aliquam unde aut nostrum, recusandae voluptatum mollitia est voluptate alias incidunt magnam quod officiis, quam ex adipisci enim quisquam soluta."
  }
]
