[
  {
    "title": "Multicultural Organisation",
    "icon": "images/icons/icon-multicultural.png",
    "description": "Our talents coming from diverse cultural background and extensive area of expertise. Inclusive environments thrive our creativity and adaptability."
  },
  {
    "title": "Efficient Process",
    "icon": "images/icons/icon-efficient.png",
    "description": "Obtain a concise and optimized report, maximizing the use of resources and minimizing hassles."
  },
  {
    "title": "Cost Effective",
    "icon": "images/icons/icon-effective.png",
    "description": "We provide competitive prices for high-quality products."
  }
]
