[
  {
    "name": "Adaro",
    "image": "images/logos/adaro.png"
  },
  {
    "name": "Adidas",
    "image": "images/logos/adidas.png"
  },
  {
    "name": "AHM",
    "image": "images/logos/ahm.png"
  },
  {
    "name": "Dribble",
    "image": "images/logos/dribble.png"
  },
  {
    "name": "Matahari",
    "image": "images/logos/matahari.png"
  },
  {
    "name": "Nestle",
    "image": "images/logos/nestle.png"
  },
  {
    "name": "Nissin",
    "image": "assets/images/logos/nissin.png"
  },
  {
    "name": "Paypal",
    "image": "assets/images/logos/paypal.png"
  },
  {
    "name": "Pertamina",
    "image": "assets/images/logos/pertamina.png"
  },
  {
    "name": "Tirelli",
    "image": "assets/images/logos/tirelli.png"
  }
]
