[
  {
    "title": "Domain & Hosting Services",
    "icon": "images/icons/icon-hosting.png",
    "description": "Entrust your domain and hosting needs to us to ensure your website is always online and easy to access."
  },
  {
    "title": "Web & App Design - Development",
    "icon": "images/icons/icon-development.png",
    "description": "esign and developing your website as a powerful marketing tool that can drive growth and engage your target audience."
  },
  {
    "title": "CMS & Storage Management",
    "icon": "images/icons/icon-storage.png",
    "description": "Fulfilling your needs for a CMS and storage equipped with the server management tools needed to solve your problems."
  },
  {
    "title": "Brand Agency",
    "icon": "images/icons/icon-brand.png",
    "description": "A collection of visual design elements to represent and differentiate a brand, such as logos, colors, typography, and graphics."
  },
  {
    "title": "Production House",
    "icon": "images/icons/icon-production.png",
    "description": "Lorem ipsum dolor sit amet, consectetur adipiscing elit, sed do eiusmod tempor incididunt ut labore et dolore magna aliqua."
  },
  {
    "title": "Mini Studio Rental (Podcast & Photo)",
    "icon": "images/icons/icon-studio.png",
    "description": "We are ready to help design, edit and produce your podcast content and photos with professional quality."
  }
]
